Notti;Periodo;"Room Night";"Room Night Totali";Pickup;"Lead Time Medio";Occupazione(%);"Occupazione Persone Media";"Non Classificato";Ristorante;"Spa
";Pernotto;Altro;Sconti;"City Tax";RevPar;ADR;"Ricavo medio prenotazione";Totale;"Totale senza imposta"
1,00;"Lu 01 Gen 2024";24,00;25,00;33,00;"8 mesi 24 giorni 0 ore";96,00;2,08;45,90;3.080,00;1.230,00;3.288,30;125,37;0,00;117,50;131,53;137,01;328,63;7.887,07;7.769,57
1,00;"Ma 02 Gen 2024";25,00;25,00;60,00;"9 mesi 7 giorni 0 ore";100,00;2,24;30,00;955,50;760,00;3.127,81;0,00;0,00;127,50;125,11;125,11;200,03;5.000,81;4.873,31
1,00;"Me 03 Gen 2024";25,00;25,00;38,00;"14 mesi 6 giorni 0 ore";100,00;2,16;37,53;830,50;690,00;3.049,22;-332,50;0,00;132,50;121,97;121,97;176,29;4.407,25;4.274,75
1,00;"Gi 04 Gen 2024";25,00;25,00;42,00;"8 mesi 24 giorni 0 ore";100,00;2,16;56,00;994,50;980,00;2.926,96;13,00;0,00;130,00;117,08;117,08;204,02;5.100,46;4.970,46
1,00;"Ve 05 Gen 2024";25,00;25,00;47,00;"7 mesi 3 giorni 0 ore";100,00;2,12;25,90;1.407,50;600,00;3.129,56;0,00;0,00;125,00;125,18;125,18;211,52;5.287,96;5.162,96
1,00;"Sa 06 Gen 2024";25,00;25,00;75,00;"14 mesi 6 giorni 0 ore";100,00;2,20;16,00;1.301,00;1.300,00;3.728,16;4,00;-30,80;132,50;149,13;149,13;258,03;6.450,86;6.318,36
1,00;"Do 07 Gen 2024";17,00;25,00;47,00;"7 mesi 11 giorni 0 ore";68,00;2,18;6,75;980,00;810,00;1.189,83;0,00;-0,20;80,00;47,59;69,99;180,38;3.066,38;2.986,38
1,00;"Lu 08 Gen 2024";22,00;25,00;32,00;"8 mesi 1 giorni 0 ore";88,00;1,77;183,00;894,50;390,00;1.754,88;2,00;0,00;87,50;70,20;79,77;150,54;3.311,88;3.224,38
1,00;"Ma 09 Gen 2024";25,00;25,00;63,00;"8 mesi 12 giorni 0 ore";100,00;2,00;38,00;678,40;790,00;2.110,63;25,00;0,00;115,00;84,43;84,43;150,28;3.757,03;3.642,03
1,00;"Me 10 Gen 2024";24,00;25,00;42,00;"8 mesi 24 giorni 0 ore";96,00;2,08;49,00;904,97;390,00;1.659,21;0,00;0,00;115,00;66,37;69,13;129,92;3.118,18;3.003,18
1,00;"Gi 11 Gen 2024";22,00;25,00;55,00;"13 mesi 6 giorni 0 ore";88,00;2,05;0,00;881,00;220,00;1.486,23;12,00;0,00;100,00;59,45;67,56;122,69;2.699,23;2.599,23
1,00;"Ve 12 Gen 2024";19,00;23,00;33,00;"9 mesi 7 giorni 0 ore";82,61;2,05;29,00;788,43;180,00;1.501,19;2,00;0,00;90,00;65,27;79,01;136,35;2.590,62;2.500,62
1,00;"Sa 13 Gen 2024";25,00;25,00;56,00;"4 mesi 18 giorni 0 ore";100,00;2,12;0,00;1.228,50;610,00;2.766,73;0,00;0,00;120,00;110,67;110,67;189,01;4.725,23;4.605,23
1,00;"Do 14 Gen 2024";22,00;25,00;79,00;"8 mesi 12 giorni 0 ore";88,00;2,18;-3,52;699,00;670,00;1.500,28;44,00;0,00;102,50;60,01;68,19;136,92;3.012,26;2.909,76
1,00;"Lu 15 Gen 2024";25,00;25,00;39,00;"10 mesi 8 giorni 0 ore";100,00;1,76;-0,34;653,50;240,00;1.701,98;5,00;0,00;97,50;68,08;68,08;107,91;2.697,64;2.600,14
1,00;"Ma 16 Gen 2024";23,00;25,00;40,00;"11 mesi 16 giorni 0 ore";92,00;1,74;0,00;720,76;220,00;1.531,46;12,00;0,00;92,50;61,26;66,59;112,03;2.576,72;2.484,22
1,00;"Me 17 Gen 2024";24,00;25,00;43,00;"7 mesi 11 giorni 0 ore";96,00;1,50;45,26;836,62;280,00;1.699,02;13,00;0,00;90,00;67,96;70,79;123,50;2.963,90;2.873,90
1,00;"Gi 18 Gen 2024";23,00;25,00;35,00;"8 mesi 24 giorni 0 ore";92,00;1,83;0,00;937,79;515,00;1.460,77;14,00;0,00;100,00;58,43;63,51;131,63;3.027,56;2.927,56
1,00;"Ve 19 Gen 2024";22,00;25,00;21,00;"7 mesi 21 giorni 0 ore";88,00;2,36;0,00;1.090,11;250,00;2.181,04;9,00;0,00;120,00;87,24;99,14;165,92;3.650,15;3.530,15
1,00;"Sa 20 Gen 2024";25,00;25,00;42,00;"7 mesi 3 giorni 0 ore";100,00;2,08;-5,20;930,42;870,00;2.888,07;9,00;0,00;127,50;115,52;115,52;192,79;4.819,79;4.692,29
1,00;"Do 21 Gen 2024";21,00;25,00;53,00;"7 mesi 21 giorni 0 ore";84,00;2,05;0,00;1.112,00;850,00;1.381,44;2,00;-19,00;102,50;55,26;65,78;163,28;3.428,94;3.326,44
1,00;"Lu 22 Gen 2024";23,00;24,00;29,00;"12 mesi 9 giorni 0 ore";95,83;1,83;-1,46;863,20;320,00;1.502,79;10,00;0,00;105,00;62,62;65,34;121,72;2.799,53;2.694,53
1,00;"Ma 23 Gen 2024";25,00;25,00;70,00;"10 mesi 8 giorni 0 ore";100,00;1,92;0,00;892,00;382,00;1.724,68;8,00;0,00;117,50;68,99;68,99;124,97;3.124,18;3.006,68
1,00;"Me 24 Gen 2024";23,00;25,00;39,00;"11 mesi 16 giorni 0 ore";92,00;2,09;-0,03;1.161,50;220,00;1.639,60;15,00;-31,40;110,00;65,58;71,29;135,42;3.114,67;3.004,67
1,00;"Gi 25 Gen 2024";25,00;25,00;43,00;"8 mesi 12 giorni 0 ore";100,00;1,92;-2,04;980,00;220,00;1.488,77;26,00;0,00;107,50;59,55;59,55;112,81;2.820,23;2.712,73
1,00;"Ve 26 Gen 2024";25,00;25,00;21,00;"3 mesi 20 giorni 0 ore";100,00;1,76;0,00;762,50;590,00;2.780,76;4,00;0,00;107,50;111,23;111,23;169,79;4.244,76;4.137,26
1,00;"Sa 27 Gen 2024";25,00;25,00;27,00;"5 mesi 23 giorni 0 ore";100,00;2,00;-3,34;772,50;1.170,00;3.261,07;2,00;0,00;115,00;130,44;130,44;212,69;5.317,23;5.202,23
1,00;"Do 28 Gen 2024";25,00;25,00;39,00;"5 mesi 23 giorni 0 ore";100,00;1,92;13,46;940,00;430,00;1.538,67;52,00;0,00;117,50;61,55;61,55;123,67;3.091,63;2.974,13
1,00;"Lu 29 Gen 2024";25,00;25,00;38,00;"8 mesi 24 giorni 0 ore";100,00;1,68;-11,50;1.104,40;50,00;2.030,19;0,00;0,00;100,00;81,21;81,21;130,92;3.273,09;3.173,09
1,00;"Ma 30 Gen 2024";23,00;25,00;42,00;"16 mesi 24 giorni 0 ore";92,00;1,39;380,00;736,50;190,00;1.919,35;27,00;0,00;75,00;76,77;83,45;144,69;3.327,85;3.252,85
1,00;"Me 31 Gen 2024";24,00;25,00;37,00;"14 mesi 6 giorni 0 ore";96,00;1,38;-1,90;684,40;272,00;2.178,84;128,00;0,00;82,50;87,15;90,79;139,33;3.343,84;3.261,34
1,00;"Gi 01 Feb 2024";25,00;25,00;42,00;"13 mesi 6 giorni 0 ore";100,00;1,40;630,00;592,50;320,00;2.224,41;11,00;-1,60;87,50;88,98;88,98;154,55;3.863,81;3.776,31
1,00;"Ve 02 Feb 2024";24,00;24,00;25,00;"5 mesi 13 giorni 0 ore";100,00;1,92;0,00;1.060,00;235,00;2.153,92;0,00;0,00;110,00;89,75;89,75;148,29;3.558,92;3.448,92
1,00;"Sa 03 Feb 2024";24,00;25,00;25,00;"5 mesi 18 giorni 0 ore";96,00;2,08;-14,50;991,50;410,00;3.044,25;17,00;0,00;120,00;121,77;126,84;190,34;4.568,25;4.448,25
1,00;"Do 04 Feb 2024";19,00;25,00;56,00;"7 mesi 3 giorni 0 ore";76,00;1,95;14,00;747,00;240,00;1.200,91;8,00;0,00;92,50;48,04;63,21;121,18;2.302,41;2.209,91
1,00;"Lu 05 Feb 2024";24,00;25,00;57,00;"8 mesi 1 giorni 0 ore";96,00;1,96;-17,50;1.026,00;330,00;1.474,42;25,00;0,00;110,00;58,98;61,43;122,83;2.947,92;2.837,92
1,00;"Ma 06 Feb 2024";23,00;25,00;40,00;"9 mesi 7 giorni 0 ore";92,00;1,65;-1,04;613,50;430,00;1.545,04;3,00;0,00;87,50;61,80;67,18;116,43;2.678,00;2.590,50
1,00;"Me 07 Feb 2024";25,00;25,00;48,00;"8 mesi 12 giorni 0 ore";100,00;1,72;-6,68;829,50;262,00;1.840,69;4,00;0,00;100,00;73,63;73,63;121,18;3.029,51;2.929,51
1,00;"Gi 08 Feb 2024";25,00;25,00;24,00;"8 mesi 12 giorni 0 ore";100,00;2,12;-34,50;1.330,00;180,00;1.757,45;13,00;0,00;115,00;70,30;70,30;134,44;3.360,95;3.245,95
1,00;"Ve 09 Feb 2024";25,00;25,00;20,00;"7 mesi 3 giorni 0 ore";100,00;2,04;-0,02;854,50;450,00;2.246,20;25,00;0,00;120,00;89,85;89,85;147,83;3.695,68;3.575,68
1,00;"Sa 10 Feb 2024";25,00;25,00;17,00;"8 mesi 12 giorni 0 ore";100,00;2,08;-3,04;1.454,40;1.515,00;3.055,86;4,00;0,00;120,00;122,23;122,23;245,85;6.146,22;6.026,22
1,00;"Do 11 Feb 2024";24,00;25,00;33,00;"8 mesi 24 giorni 0 ore";96,00;2,13;5,00;1.103,00;970,00;1.849,79;0,00;0,00;117,50;73,99;77,07;168,55;4.045,29;3.927,79
1,00;"Lu 12 Feb 2024";23,00;25,00;30,00;"15 mesi 12 giorni 0 ore";92,00;2,04;-32,53;1.295,00;540,00;1.597,63;8,00;0,00;107,50;63,91;69,46;152,85;3.515,60;3.408,10
1,00;"Ma 13 Feb 2024";23,00;24,00;28,00;"5 mesi 29 giorni 0 ore";95,83;2,13;-0,50;902,06;120,00;1.874,51;0,00;0,00;110,00;78,10;81,50;130,70;3.006,07;2.896,07
1,00;"Me 14 Feb 2024";24,00;25,00;33,00;"5 mesi 18 giorni 0 ore";96,00;2,13;-80,43;807,50;530,00;2.026,26;0,00;0,00;117,50;81,05;84,43;141,70;3.400,83;3.283,33
1,00;"Gi 15 Feb 2024";25,00;25,00;26,00;"6 mesi 18 giorni 0 ore";100,00;2,28;-28,09;1.006,60;180,00;1.958,55;0,00;0,00;140,00;78,34;78,34;130,28;3.257,06;3.117,06
1,00;"Ve 16 Feb 2024";24,00;25,00;16,00;"8 mesi 12 giorni 0 ore";96,00;2,38;-4,14;1.010,25;250,00;2.368,18;50,00;0,00;132,50;94,73;98,67;158,62;3.806,79;3.674,29
1,00;"Sa 17 Feb 2024";25,00;25,00;25,00;"6 mesi 18 giorni 0 ore";100,00;2,28;6,00;1.491,15;640,00;2.553,71;17,00;0,00;135,00;102,15;102,15;193,71;4.842,86;4.707,86
1,00;"Do 18 Feb 2024";25,00;25,00;29,00;"5 mesi 4 giorni 0 ore";100,00;2,24;4,00;930,40;380,00;2.097,89;0,00;0,00;120,00;83,92;83,92;141,29;3.532,29;3.412,29
1,00;"Lu 19 Feb 2024";25,00;25,00;60,00;"12 mesi 9 giorni 0 ore";100,00;2,28;4,65;958,00;220,00;1.986,88;10,00;0,00;127,50;79,48;79,48;132,28;3.307,03;3.179,53
1,00;"Ma 20 Feb 2024";22,00;25,00;33,00;"10 mesi 26 giorni 0 ore";88,00;2,18;0,00;725,00;245,00;1.774,33;0,00;0,00;112,50;70,97;80,65;129,86;2.856,83;2.744,33
1,00;"Me 21 Feb 2024";25,00;25,00;31,00;"7 mesi 3 giorni 0 ore";100,00;2,28;-2,75;1.216,00;80,00;2.028,31;20,00;0,00;115,00;81,13;81,13;138,26;3.456,56;3.341,56
1,00;"Gi 22 Feb 2024";23,00;24,00;23,00;"8 mesi 1 giorni 0 ore";95,83;2,09;-0,50;1.529,50;0,00;1.649,30;8,00;0,00;117,50;68,72;71,71;143,64;3.303,80;3.186,30
1,00;"Ve 23 Feb 2024";24,00;25,00;20,00;"5 mesi 18 giorni 0 ore";96,00;2,29;341,00;1.316,50;960,00;2.655,23;39,00;0,00;130,00;106,21;110,63;226,74;5.441,73;5.311,73
1,00;"Sa 24 Feb 2024";25,00;25,00;40,00;"6 mesi 25 giorni 0 ore";100,00;2,08;-12,53;1.189,50;920,00;3.239,98;0,00;0,00;115,00;129,60;129,60;218,08;5.451,95;5.336,95
1,00;"Do 25 Feb 2024";21,00;25,00;24,00;"4 mesi 26 giorni 0 ore";84,00;2,10;-0,04;858,50;160,00;1.150,83;6,00;0,00;102,50;46,03;54,80;108,47;2.277,79;2.175,29
1,00;"Lu 26 Feb 2024";25,00;25,00;25,00;"6 mesi 25 giorni 0 ore";100,00;2,12;-41,08;1.181,50;380,00;1.638,09;114,00;0,00;117,00;65,52;65,52;135,58;3.389,51;3.272,51
1,00;"Ma 27 Feb 2024";24,00;25,00;32,00;"11 mesi 16 giorni 0 ore";96,00;2,04;-3,92;1.035,92;455,00;1.462,55;15,00;0,00;105,00;58,50;60,94;127,90;3.069,55;2.964,55
1,00;"Me 28 Feb 2024";24,00;25,00;42,00;"6 mesi 4 giorni 0 ore";96,00;1,92;24,00;1.144,78;342,00;1.370,58;4,00;0,00;97,50;54,82;57,11;124,29;2.982,86;2.885,36
1,00;"Gi 29 Feb 2024";24,00;25,00;26,00;"7 mesi 3 giorni 0 ore";96,00;1,75;-3,30;771,06;170,00;1.649,60;0,00;0,00;100,00;65,98;68,73;111,97;2.687,36;2.587,36
1,00;"Ve 01 Mar 2024";25,00;25,00;27,00;"5 mesi 4 giorni 0 ore";100,00;1,80;-12,00;808,50;200,00;2.924,55;0,00;0,00;110,00;116,98;116,98;161,24;4.031,05;3.921,05
1,00;"Sa 02 Mar 2024";25,00;25,00;26,00;"6 mesi 11 giorni 0 ore";100,00;2,20;-2,50;1.117,00;720,00;3.731,49;4,00;0,00;127,50;149,26;149,26;227,90;5.697,49;5.569,99
1,00;"Do 03 Mar 2024";24,00;25,00;41,00;"4 mesi 26 giorni 0 ore";96,00;2,38;-55,10;1.055,85;655,00;1.867,34;2,00;0,00;132,50;74,69;77,81;152,40;3.657,59;3.525,09
1,00;"Lu 04 Mar 2024";22,00;25,00;31,00;"16 mesi 24 giorni 0 ore";88,00;2,36;-8,00;1.073,85;310,00;1.709,19;0,00;0,00;125,00;68,37;77,69;145,91;3.210,04;3.085,04
1,00;"Ma 05 Mar 2024";23,00;25,00;35,00;"5 mesi 13 giorni 0 ore";92,00;1,57;-9,00;774,00;0,00;1.828,38;0,00;0,00;85,00;73,14;79,49;116,45;2.678,38;2.593,38
1,00;"Me 06 Mar 2024";24,00;25,00;42,00;"9 mesi 22 giorni 0 ore";96,00;1,79;-6,50;769,50;320,00;1.982,81;2,00;0,00;100,00;79,31;82,62;131,99;3.167,81;3.067,81
1,00;"Gi 07 Mar 2024";23,00;25,00;26,00;"6 mesi 25 giorni 0 ore";92,00;1,87;-20,45;620,50;70,00;1.767,17;0,00;0,00;102,50;70,69;76,83;110,42;2.539,72;2.437,22
1,00;"Ve 08 Mar 2024";20,00;25,00;19,00;"6 mesi 11 giorni 0 ore";80,00;2,10;-23,00;804,50;244,00;2.289,91;58,00;0,00;102,50;91,60;114,50;173,80;3.475,91;3.373,41
1,00;"Sa 09 Mar 2024";24,00;25,00;20,00;"5 mesi 8 giorni 0 ore";96,00;2,21;-2,00;1.387,30;450,00;3.107,13;2,00;0,00;130,00;124,29;129,46;211,43;5.074,43;4.944,43
1,00;"Do 10 Mar 2024";20,00;24,00;26,00;"7 mesi 11 giorni 0 ore";83,33;1,95;0,00;1.220,55;160,00;1.318,77;2,00;-14,00;97,50;54,95;65,94;139,24;2.784,82;2.687,32
1,00;"Lu 11 Mar 2024";19,00;25,00;38,00;"7 mesi 11 giorni 0 ore";76,00;1,63;-0,07;752,85;80,00;1.179,40;82,00;0,00;77,50;47,18;62,07;114,30;2.171,68;2.094,18
1,00;"Ma 12 Mar 2024";18,00;25,00;36,00;"12 mesi 9 giorni 0 ore";72,00;1,78;-0,06;719,00;170,00;1.136,46;0,00;0,00;80,00;45,46;63,14;116,97;2.105,40;2.025,40
1,00;"Me 13 Mar 2024";25,00;25,00;8,00;"8 mesi 1 giorni 0 ore";100,00;1,84;-6,89;1.185,50;372,00;2.171,29;29,00;0,00;112,50;86,85;86,85;154,54;3.863,40;3.750,90
1,00;"Gi 14 Mar 2024";23,00;25,00;13,00;"10 mesi 8 giorni 0 ore";92,00;1,91;-7,50;1.391,50;120,00;1.937,78;0,00;0,00;110,00;77,51;84,25;154,43;3.551,78;3.441,78
1,00;"Ve 15 Mar 2024";21,00;24,00;20,00;"8 mesi 1 giorni 0 ore";87,50;2,10;-131,99;977,50;0,00;2.770,84;2,00;0,00;105,00;115,45;131,94;177,30;3.723,35;3.618,35
1,00;"Sa 16 Mar 2024";22,00;25,00;32,00;"8 mesi 24 giorni 0 ore";88,00;2,41;-47,60;1.134,00;366,00;3.329,24;6,00;0,00;132,50;133,17;151,33;223,64;4.920,14;4.787,64
1,00;"Do 17 Mar 2024";20,00;25,00;27,00;"7 mesi 11 giorni 0 ore";80,00;2,15;0,00;622,00;90,00;2.157,36;14,00;0,00;97,50;86,29;107,87;149,04;2.980,86;2.883,36
1,00;"Lu 18 Mar 2024";22,00;25,00;22,00;"8 mesi 24 giorni 0 ore";88,00;1,73;-2,02;1.021,50;0,00;1.742,29;12,00;0,00;95,00;69,69;79,20;130,40;2.868,77;2.773,77
1,00;"Ma 19 Mar 2024";24,00;25,00;23,00;"6 mesi 11 giorni 0 ore";96,00;1,75;0,00;616,00;0,00;1.959,40;0,00;0,00;102,50;78,38;81,64;111,58;2.677,90;2.575,40
1,00;"Me 20 Mar 2024";25,00;25,00;30,00;"5 mesi 23 giorni 0 ore";100,00;1,72;-8,56;630,50;0,00;2.207,99;13,00;0,00;100,00;88,32;88,32;117,72;2.942,93;2.842,93
1,00;"Gi 21 Mar 2024";25,00;25,00;27,00;"7 mesi 3 giorni 0 ore";100,00;1,96;83,00;1.076,00;50,00;2.188,18;0,00;0,00;110,00;87,53;87,53;140,29;3.507,18;3.397,18
1,00;"Ve 22 Mar 2024";20,00;25,00;20,00;"5 mesi 29 giorni 0 ore";80,00;2,25;0,21;590,50;0,00;1.889,51;0,00;0,00;97,50;75,58;94,48;128,89;2.577,72;2.480,22
1,00;"Sa 23 Mar 2024";24,00;25,00;22,00;"5 mesi 23 giorni 0 ore";96,00;2,42;-19,00;1.116,72;180,00;2.902,69;0,00;0,00;137,50;116,11;120,95;179,91;4.317,91;4.180,41
1,00;"Do 24 Mar 2024";19,00;25,00;20,00;"9 mesi 7 giorni 0 ore";76,00;2,05;10,00;787,05;90,00;1.746,75;0,00;0,00;97,50;69,87;91,93;143,75;2.731,30;2.633,80
1,00;"Lu 25 Mar 2024";22,00;25,00;19,00;"10 mesi 26 giorni 0 ore";88,00;2,14;-0,50;759,00;280,00;2.371,08;25,00;0,00;110,00;94,84;107,78;161,12;3.544,58;3.434,58
1,00;"Ma 26 Mar 2024";25,00;25,00;14,00;"14 mesi 6 giorni 0 ore";100,00;2,64;0,00;805,50;400,00;3.608,00;54,00;0,00;142,50;144,32;144,32;200,40;5.010,00;4.867,50
1,00;"Me 27 Mar 2024";25,00;25,00;24,00;"9 mesi 7 giorni 0 ore";100,00;2,80;-25,00;1.988,00;180,00;4.017,21;50,00;0,00;142,50;160,69;160,69;254,11;6.352,71;6.210,21
1,00;"Gi 28 Mar 2024";24,00;25,00;15,00;"18 mesi 14 giorni 0 ore";96,00;2,75;5,48;1.179,40;400,00;3.768,68;0,00;0,00;135,00;150,75;157,03;228,69;5.488,56;5.353,56
1,00;"Ve 29 Mar 2024";24,00;25,00;6,00;"12 mesi 9 giorni 0 ore";96,00;2,79;-51,00;2.062,00;270,00;5.029,88;4,00;0,00;145,00;201,20;209,58;310,83;7.459,88;7.314,88
1,00;"Sa 30 Mar 2024";25,00;25,00;14,00;"6 mesi 18 giorni 0 ore";100,00;2,76;207,96;1.076,00;800,00;6.247,85;4,00;0,00;150,00;249,91;249,91;339,43;8.485,81;8.335,81
1,00;"Do 31 Mar 2024";25,00;25,00;9,00;"7 mesi 11 giorni 0 ore";100,00;2,16;-20,00;1.447,50;415,00;5.891,19;45,00;0,00;132,50;235,65;235,65;316,45;7.911,19;7.778,69
1,00;"Lu 01 Apr 2024";20,00;24,00;6,00;"5 mesi 29 giorni 0 ore";83,33;2,05;18,00;1.243,00;570,00;2.819,46;4,00;0,00;100,00;117,48;140,97;237,72;4.754,46;4.654,46
1,00;"Ma 02 Apr 2024";22,00;24,00;15,00;"11 mesi 16 giorni 0 ore";91,67;2,50;249,97;1.084,70;350,00;3.215,74;40,00;0,00;125,00;133,99;146,17;230,25;5.065,41;4.940,41
1,00;"Me 03 Apr 2024";23,00;24,00;55,00;"13 mesi 6 giorni 0 ore";95,83;2,39;56,40;1.462,00;490,00;3.283,20;0,00;0,00;125,00;136,80;142,75;235,50;5.416,60;5.291,60
1,00;"Gi 04 Apr 2024";23,00;24,00;4,00;"8 mesi 24 giorni 0 ore";95,83;2,52;25,50;1.604,12;300,00;3.045,56;2,00;0,00;132,50;126,90;132,42;222,16;5.109,68;4.977,18
1,00;"Ve 05 Apr 2024";18,00;24,00;7,00;"15 mesi 12 giorni 0 ore";75,00;2,67;154,50;1.550,48;330,00;2.751,36;0,00;0,00;105,00;114,64;152,85;271,74;4.891,34;4.786,34
1,00;"Sa 06 Apr 2024";21,00;25,00;43,00;"7 mesi 21 giorni 0 ore";84,00;2,48;53,23;1.806,20;770,00;4.133,41;2,00;0,00;117,50;165,34;196,83;327,73;6.882,34;6.764,84
1,00;"Do 07 Apr 2024";22,00;25,00;12,00;"11 mesi 16 giorni 0 ore";88,00;2,45;-45,00;1.034,12;90,00;2.519,17;0,00;0,00;122,50;100,77;114,51;169,13;3.720,79;3.598,29
1,00;"Lu 08 Apr 2024";19,00;25,00;22,00;"14 mesi 6 giorni 0 ore";76,00;2,16;-11,70;1.099,58;200,00;2.421,92;4,00;0,00;95,00;96,88;127,47;200,46;3.808,80;3.713,80
1,00;"Ma 09 Apr 2024";21,00;24,00;8,00;"10 mesi 8 giorni 0 ore";87,50;2,24;753,00;716,00;40,00;2.833,70;7,00;0,00;107,50;118,07;134,94;212,25;4.457,20;4.349,70
1,00;"Me 10 Apr 2024";24,00;24,00;16,00;"10 mesi 8 giorni 0 ore";100,00;2,25;80,00;1.535,00;545,00;3.167,98;25,00;0,00;120,00;132,00;132,00;228,04;5.472,98;5.352,98
1,00;"Gi 11 Apr 2024";23,00;25,00;21,00;"10 mesi 26 giorni 0 ore";92,00;2,30;60,50;1.172,50;0,00;2.976,73;0,00;0,00;120,00;119,07;129,42;188,25;4.329,73;4.209,73
1,00;"Ve 12 Apr 2024";22,00;25,00;18,00;"9 mesi 22 giorni 0 ore";88,00;2,18;41,20;1.495,00;0,00;3.481,32;119,00;0,00;110,00;139,25;158,24;238,48;5.246,52;5.136,52
1,00;"Sa 13 Apr 2024";21,00;25,00;9,00;"7 mesi 11 giorni 0 ore";84,00;2,29;-8,50;1.492,00;380,00;4.474,12;0,00;0,00;117,50;178,96;213,05;307,39;6.455,12;6.337,62
1,00;"Do 14 Apr 2024";23,00;24,00;17,00;"5 mesi 8 giorni 0 ore";95,83;2,35;143,00;900,50;180,00;2.999,21;0,00;0,00;115,00;124,97;130,40;188,60;4.337,71;4.222,71
1,00;"Lu 15 Apr 2024";25,00;25,00;14,00;"9 mesi 22 giorni 0 ore";100,00;2,28;-1,00;1.417,00;130,00;3.445,43;60,00;0,00;120,00;137,82;137,82;206,86;5.171,43;5.051,43
1,00;"Ma 16 Apr 2024";25,00;25,00;17,00;"23 mesi 3 giorni 0 ore";100,00;2,36;73,00;1.342,50;130,00;3.958,30;0,00;0,00;122,50;158,33;158,33;225,05;5.626,30;5.503,80
1,00;"Me 17 Apr 2024";24,00;25,00;16,00;"16 mesi 24 giorni 0 ore";96,00;2,33;67,50;1.304,50;90,00;3.355,37;91,00;0,00;122,50;134,21;139,81;209,62;5.030,87;4.908,37
1,00;"Gi 18 Apr 2024";24,00;25,00;14,00;"10 mesi 8 giorni 0 ore";96,00;1,88;40,00;997,50;360,00;2.771,59;8,00;0,00;107,50;110,86;115,48;178,52;4.284,59;4.177,09
1,00;"Ve 19 Apr 2024";23,00;25,00;12,00;"5 mesi 29 giorni 0 ore";92,00;2,00;549,50;1.201,00;360,00;3.614,69;9,00;0,00;110,00;144,59;157,16;254,10;5.844,19;5.734,19
1,00;"Sa 20 Apr 2024";22,00;25,00;17,00;"8 mesi 24 giorni 0 ore";88,00;2,00;2,50;892,50;350,00;4.044,36;61,00;0,00;97,50;161,77;183,83;247,63;5.447,86;5.350,36
1,00;"Do 21 Apr 2024";25,00;25,00;16,00;"13 mesi 6 giorni 0 ore";100,00;2,04;47,00;812,00;370,00;3.539,53;5,50;0,00;117,50;141,58;141,58;195,66;4.891,53;4.774,03
1,00;"Lu 22 Apr 2024";25,00;25,00;25,00;"8 mesi 12 giorni 0 ore";100,00;1,88;90,00;1.120,50;230,00;2.374,25;16,50;0,00;117,50;94,97;94,97;157,95;3.948,75;3.831,25
1,00;"Ma 23 Apr 2024";24,00;25,00;12,00;"10 mesi 26 giorni 0 ore";96,00;2,13;50,97;1.452,00;320,00;3.407,46;4,00;0,00;122,50;136,30;141,98;223,21;5.356,93;5.234,43
1,00;"Me 24 Apr 2024";25,00;25,00;11,00;"13 mesi 6 giorni 0 ore";100,00;2,20;98,50;1.572,00;220,00;4.073,76;71,00;0,00;127,50;162,95;162,95;246,51;6.162,76;6.035,26
1,00;"Gi 25 Apr 2024";25,00;25,00;11,00;"4 mesi 18 giorni 0 ore";100,00;2,52;-7,00;1.256,50;330,00;4.485,33;8,00;0,00;140,00;179,41;179,41;248,51;6.212,83;6.072,83
1,00;"Ve 26 Apr 2024";25,00;25,00;25,00;"7 mesi 11 giorni 0 ore";100,00;2,36;14,50;1.415,50;110,00;4.384,26;193,00;0,00;137,50;175,37;175,37;250,19;6.254,76;6.117,26
1,00;"Sa 27 Apr 2024";25,00;25,00;9,00;"9 mesi 22 giorni 0 ore";100,00;2,20;16,00;1.413,00;370,00;4.810,42;60,00;0,00;125,00;192,42;192,42;271,78;6.794,42;6.669,42
1,00;"Do 28 Apr 2024";25,00;25,00;18,00;"5 mesi 13 giorni 0 ore";100,00;2,20;77,80;1.285,00;490,00;4.277,73;34,00;0,00;125,00;171,11;171,11;251,58;6.289,53;6.164,53
1,00;"Lu 29 Apr 2024";24,00;25,00;14,00;"8 mesi 24 giorni 0 ore";96,00;2,17;50,00;1.310,00;180,00;3.979,12;8,00;0,00;120,00;159,16;165,80;235,30;5.647,12;5.527,12
1,00;"Ma 30 Apr 2024";24,00;25,00;28,00;"10 mesi 8 giorni 0 ore";96,00;2,17;34,50;1.381,50;0,00;4.146,92;17,60;0,00;122,50;165,88;172,79;237,63;5.703,02;5.580,52
1,00;"Me 01 Mag 2024";24,00;25,00;21,00;"5 mesi 23 giorni 0 ore";96,00;2,21;24,00;1.295,90;110,00;3.755,44;16,00;0,00;130,00;150,22;156,48;222,14;5.331,34;5.201,34
1,00;"Gi 02 Mag 2024";25,00;25,00;23,00;"9 mesi 7 giorni 0 ore";100,00;2,20;43,50;1.275,50;260,00;3.570,69;12,00;0,00;132,50;142,83;142,83;211,77;5.294,19;5.161,69
1,00;"Ve 03 Mag 2024";24,00;25,00;9,00;"5 mesi 8 giorni 0 ore";96,00;2,13;90,75;1.470,60;210,00;4.458,71;0,00;0,00;122,50;178,35;185,78;264,69;6.352,56;6.230,06
1,00;"Sa 04 Mag 2024";25,00;25,00;12,00;"7 mesi 21 giorni 0 ore";100,00;2,40;76,50;1.725,50;160,00;5.418,69;26,00;0,00;147,50;216,75;216,75;302,17;7.554,19;7.406,69
1,00;"Do 05 Mag 2024";23,00;25,00;11,00;"15 mesi 12 giorni 0 ore";92,00;2,22;85,00;1.412,00;310,00;3.274,10;12,00;0,00;117,50;130,96;142,35;226,55;5.210,60;5.093,10
1,00;"Lu 06 Mag 2024";20,00;25,00;25,00;"20 mesi 16 giorni 0 ore";80,00;2,30;115,40;1.305,00;180,00;2.342,53;4,00;0,00;105,00;93,70;117,13;202,60;4.051,93;3.946,93
1,00;"Ma 07 Mag 2024";25,00;25,00;30,00;"12 mesi 9 giorni 0 ore";100,00;2,04;114,60;1.237,50;0,00;3.301,00;22,00;0,00;122,50;132,04;132,04;191,90;4.797,60;4.675,10
1,00;"Me 08 Mag 2024";25,00;25,00;13,00;"9 mesi 7 giorni 0 ore";100,00;2,28;36,50;1.094,00;90,00;3.973,22;5,00;0,00;140,00;158,93;158,93;213,55;5.338,72;5.198,72
1,00;"Gi 09 Mag 2024";25,00;25,00;5,00;"10 mesi 26 giorni 0 ore";100,00;2,20;82,00;1.453,00;310,00;4.322,80;4,00;0,00;135,00;172,91;172,91;252,27;6.306,80;6.171,80
1,00;"Ve 10 Mag 2024";24,00;25,00;13,00;"7 mesi 11 giorni 0 ore";96,00;2,25;55,00;1.488,50;0,00;5.040,79;6,00;0,00;132,50;201,63;210,03;280,12;6.722,79;6.590,29
1,00;"Sa 11 Mag 2024";25,00;25,00;5,00;"8 mesi 12 giorni 0 ore";100,00;2,32;470,00;1.511,20;472,00;4.741,24;12,00;0,00;135,00;189,65;189,65;293,66;7.341,44;7.206,44
1,00;"Do 12 Mag 2024";23,00;25,00;25,00;"10 mesi 26 giorni 0 ore";92,00;2,09;18,60;1.069,50;630,00;3.478,57;7,00;0,00;117,50;139,14;151,24;231,36;5.321,17;5.203,67
1,00;"Lu 13 Mag 2024";25,00;25,00;16,00;"8 mesi 12 giorni 0 ore";100,00;2,12;91,80;1.508,50;190,00;3.509,20;10,00;0,00;125,00;140,37;140,37;217,38;5.434,50;5.309,50
1,00;"Ma 14 Mag 2024";25,00;25,00;43,00;"14 mesi 6 giorni 0 ore";100,00;2,08;1,00;1.164,00;180,00;3.414,26;-4,50;0,00;122,50;136,57;136,57;195,09;4.877,26;4.754,76
1,00;"Me 15 Mag 2024";25,00;25,00;19,00;"23 mesi 3 giorni 0 ore";100,00;1,96;28,00;1.068,50;0,00;3.391,39;11,00;0,00;122,50;135,66;135,66;184,86;4.621,39;4.498,89
1,00;"Gi 16 Mag 2024";24,00;25,00;22,00;"7 mesi 21 giorni 0 ore";96,00;2,00;166,00;1.167,50;380,00;4.009,55;7,00;0,00;120,00;160,38;167,06;243,75;5.850,05;5.730,05
1,00;"Ve 17 Mag 2024";24,00;25,00;8,00;"9 mesi 22 giorni 0 ore";96,00;1,96;142,00;1.061,20;0,00;4.438,77;0,00;0,00;117,50;177,55;184,95;239,98;5.759,47;5.641,97
1,00;"Sa 18 Mag 2024";25,00;25,00;16,00;"11 mesi 16 giorni 0 ore";100,00;1,96;17,40;1.184,50;270,00;5.223,51;10,00;0,00;115,00;208,94;208,94;272,82;6.820,41;6.705,41
1,00;"Do 19 Mag 2024";24,00;25,00;23,00;"8 mesi 1 giorni 0 ore";96,00;2,00;69,00;992,00;150,00;3.493,98;0,00;0,00;100,00;139,76;145,58;200,21;4.804,98;4.704,98
1,00;"Lu 20 Mag 2024";25,00;25,00;13,00;"10 mesi 8 giorni 0 ore";100,00;2,20;88,50;1.041,00;430,00;3.631,93;20,00;0,00;115,00;145,28;145,28;213,06;5.326,43;5.211,43
1,00;"Ma 21 Mag 2024";25,00;25,00;20,00;"10 mesi 8 giorni 0 ore";100,00;1,92;46,40;972,50;40,00;3.586,15;7,00;0,00;107,50;143,45;143,45;190,38;4.759,55;4.652,05
1,00;"Me 22 Mag 2024";24,00;25,00;8,00;"8 mesi 1 giorni 0 ore";96,00;2,00;28,00;1.385,50;255,00;4.055,75;22,00;0,00;105,00;162,23;168,99;243,80;5.851,25;5.746,25
1,00;"Gi 23 Mag 2024";24,00;25,00;7,00;"10 mesi 26 giorni 0 ore";96,00;2,25;74,70;1.511,50;180,00;4.576,25;13,00;0,00;112,50;183,05;190,68;269,50;6.467,95;6.355,45
1,00;"Ve 24 Mag 2024";24,00;25,00;10,00;"8 mesi 1 giorni 0 ore";96,00;2,25;42,40;1.373,00;330,00;5.260,00;0,00;0,00;115,00;210,40;219,17;296,68;7.120,40;7.005,40
1,00;"Sa 25 Mag 2024";24,00;25,00;15,00;"6 mesi 18 giorni 0 ore";96,00;2,21;7,60;864,50;926,00;6.090,23;25,00;0,00;115,00;243,61;253,76;334,51;8.028,33;7.913,33
1,00;"Do 26 Mag 2024";24,00;25,00;14,00;"10 mesi 26 giorni 0 ore";96,00;2,25;33,00;1.526,50;0,00;5.083,17;2,00;0,00;112,50;203,33;211,80;281,55;6.757,17;6.644,67
1,00;"Lu 27 Mag 2024";24,00;25,00;24,00;"15 mesi 12 giorni 0 ore";96,00;2,21;107,50;1.961,50;270,00;4.955,17;4,00;0,00;112,50;198,21;206,47;308,78;7.410,67;7.298,17
1,00;"Ma 28 Mag 2024";25,00;25,00;10,00;"10 mesi 8 giorni 0 ore";100,00;2,12;40,50;1.307,00;230,00;4.734,89;-0,50;0,00;107,50;189,40;189,40;256,78;6.419,39;6.311,89
1,00;"Me 29 Mag 2024";24,00;25,00;6,00;"7 mesi 3 giorni 0 ore";96,00;2,21;143,00;1.628,50;180,00;4.019,79;29,00;0,00;120,00;160,79;167,49;255,01;6.120,29;6.000,29
1,00;"Gi 30 Mag 2024";24,00;25,00;17,00;"12 mesi 9 giorni 0 ore";96,00;2,25;29,50;1.561,50;390,00;4.305,63;57,00;0,00;127,50;172,23;179,40;269,63;6.471,13;6.343,63
1,00;"Ve 31 Mag 2024";25,00;25,00;10,00;"8 mesi 1 giorni 0 ore";100,00;2,04;111,50;1.994,20;250,00;4.271,55;24,00;0,00;117,50;170,86;170,86;270,75;6.768,75;6.651,25
1,00;"Sa 01 Giu 2024";25,00;25,00;18,00;"5 mesi 13 giorni 0 ore";100,00;2,16;77,96;1.974,40;180,00;5.229,14;51,00;0,00;130,00;209,17;209,17;305,70;7.642,50;7.512,50
1,00;"Do 02 Giu 2024";25,00;25,00;14,00;"9 mesi 7 giorni 0 ore";100,00;2,00;9,50;1.710,40;150,00;4.393,69;58,00;0,00;112,50;175,75;175,75;257,36;6.434,09;6.321,59
1,00;"Lu 03 Giu 2024";24,00;25,00;21,00;"15 mesi 12 giorni 0 ore";96,00;1,96;135,80;1.064,20;530,00;4.779,52;0,00;0,00;110,00;191,18;199,15;275,81;6.619,52;6.509,52
1,00;"Ma 04 Giu 2024";24,00;25,00;15,00;"9 mesi 7 giorni 0 ore";96,00;2,08;60,50;1.585,40;100,00;4.739,29;4,00;0,00;117,50;189,57;197,47;275,28;6.606,69;6.489,19
1,00;"Me 05 Giu 2024";25,00;25,00;16,00;"10 mesi 8 giorni 0 ore";100,00;1,96;427,50;1.070,50;180,00;4.791,25;0,00;0,00;115,00;191,65;191,65;263,37;6.584,25;6.469,25
1,00;"Gi 06 Giu 2024";25,00;25,00;14,00;"9 mesi 22 giorni 0 ore";100,00;2,08;58,50;1.273,00;0,00;5.153,71;22,00;0,00;122,50;206,15;206,15;265,19;6.629,71;6.507,21
1,00;"Ve 07 Giu 2024";25,00;25,00;16,00;"9 mesi 22 giorni 0 ore";100,00;2,04;124,48;1.141,50;400,00;5.519,20;49,00;0,00;125,00;220,77;220,77;294,37;7.359,18;7.234,18
1,00;"Sa 08 Giu 2024";25,00;25,00;14,00;"5 mesi 13 giorni 0 ore";100,00;2,16;20,00;1.358,50;610,00;5.806,21;60,00;0,00;107,50;232,25;232,25;318,49;7.962,21;7.854,71
1,00;"Do 09 Giu 2024";25,00;25,00;36,00;"6 mesi 4 giorni 0 ore";100,00;2,00;15,00;1.608,42;130,00;4.407,68;0,00;0,00;117,50;176,31;176,31;251,14;6.278,60;6.161,10
1,00;"Lu 10 Giu 2024";25,00;25,00;24,00;"15 mesi 12 giorni 0 ore";100,00;2,00;179,00;1.960,50;680,00;4.504,40;29,00;0,00;115,00;180,18;180,18;298,72;7.467,90;7.352,90
1,00;"Ma 11 Giu 2024";25,00;25,00;18,00;"7 mesi 11 giorni 0 ore";100,00;2,08;208,00;1.483,36;180,00;4.369,58;18,00;0,00;122,50;174,78;174,78;255,26;6.381,44;6.258,94
1,00;"Me 12 Giu 2024";24,00;25,00;12,00;"14 mesi 6 giorni 0 ore";96,00;2,00;241,00;1.709,42;90,00;3.655,98;68,30;0,00;112,50;146,24;152,33;244,88;5.877,20;5.764,70
1,00;"Gi 13 Giu 2024";24,00;25,00;17,00;"10 mesi 26 giorni 0 ore";96,00;2,13;39,00;1.342,92;0,00;4.340,87;10,00;0,00;117,50;173,63;180,87;243,76;5.850,29;5.732,79
1,00;"Ve 14 Giu 2024";25,00;25,00;29,00;"5 mesi 13 giorni 0 ore";100,00;2,24;16,00;1.045,92;250,00;5.093,96;5,50;0,00;127,50;203,76;203,76;261,56;6.538,88;6.411,38
1,00;"Sa 15 Giu 2024";25,00;25,00;11,00;"7 mesi 11 giorni 0 ore";100,00;2,24;4,00;1.643,70;180,00;5.711,09;80,00;0,00;127,50;228,44;228,44;309,85;7.746,29;7.618,79
1,00;"Do 16 Giu 2024";25,00;25,00;13,00;"6 mesi 4 giorni 0 ore";100,00;2,04;23,00;1.763,86;240,00;4.993,42;175,00;0,00;122,50;199,74;199,74;292,71;7.317,78;7.195,28
1,00;"Lu 17 Giu 2024";23,00;25,00;13,00;"14 mesi 6 giorni 0 ore";92,00;2,09;65,00;1.049,50;0,00;4.160,49;20,00;0,00;117,50;166,42;180,89;235,33;5.412,49;5.294,99
1,00;"Ma 18 Giu 2024";22,00;25,00;13,00;"8 mesi 1 giorni 0 ore";88,00;2,23;103,80;835,50;400,00;3.965,62;14,00;0,00;120,00;158,62;180,26;247,22;5.438,92;5.318,92
1,00;"Me 19 Giu 2024";25,00;25,00;21,00;"6 mesi 25 giorni 0 ore";100,00;1,76;8,00;563,00;330,00;5.011,37;2,00;0,00;107,50;200,45;200,45;240,87;6.021,87;5.914,37
1,00;"Gi 20 Giu 2024";25,00;25,00;25,00;"11 mesi 16 giorni 0 ore";100,00;2,00;55,00;957,20;270,00;4.535,80;1,50;0,00;120,00;181,43;181,43;237,58;5.939,50;5.819,50
1,00;"Ve 21 Giu 2024";25,00;25,00;9,00;"5 mesi 13 giorni 0 ore";100,00;2,32;84,00;1.253,50;620,00;4.898,68;20,00;0,00;135,00;195,95;195,95;280,45;7.011,18;6.876,18
1,00;"Sa 22 Giu 2024";24,00;25,00;14,00;"7 mesi 21 giorni 0 ore";96,00;2,25;-0,10;1.430,00;410,00;5.407,77;8,00;0,00;120,00;216,31;225,32;307,32;7.375,67;7.255,67
1,00;"Do 23 Giu 2024";21,00;25,00;17,00;"6 mesi 25 giorni 0 ore";84,00;2,43;0,00;1.100,50;310,00;3.746,44;0,00;0,00;117,50;149,86;178,40;251,16;5.274,44;5.156,94
1,00;"Lu 24 Giu 2024";25,00;25,00;26,00;"6 mesi 18 giorni 0 ore";100,00;2,32;-1,00;1.472,50;190,00;4.765,73;0,00;0,00;132,50;190,63;190,63;262,39;6.559,73;6.427,23
1,00;"Ma 25 Giu 2024";25,00;25,00;22,00;"7 mesi 21 giorni 0 ore";100,00;1,88;38,00;612,50;210,00;5.748,32;8,00;0,00;112,50;229,93;229,93;269,17;6.729,32;6.616,82
1,00;"Me 26 Giu 2024";25,00;25,00;19,00;"10 mesi 8 giorni 0 ore";100,00;2,00;188,00;749,00;190,00;5.652,20;29,00;0,00;125,00;226,09;226,09;277,33;6.933,20;6.808,20
1,00;"Gi 27 Giu 2024";20,00;25,00;19,00;"8 mesi 1 giorni 0 ore";80,00;1,90;135,90;1.177,50;190,00;3.107,24;18,00;0,00;95,00;124,29;155,36;236,18;4.723,64;4.628,64
1,00;"Ve 28 Giu 2024";23,00;25,00;12,00;"6 mesi 4 giorni 0 ore";92,00;2,17;8,60;1.136,00;50,00;4.285,14;2,00;0,00;122,50;171,41;186,31;243,66;5.604,24;5.481,74
1,00;"Sa 29 Giu 2024";25,00;25,00;11,00;"4 mesi 9 giorni 0 ore";100,00;2,52;1,50;2.229,50;550,00;5.918,77;48,50;0,00;147,50;236,75;236,75;355,83;8.895,77;8.748,27
1,00;"Do 30 Giu 2024";23,00;24,00;24,00;"6 mesi 18 giorni 0 ore";95,83;2,39;0,00;1.716,50;140,00;4.585,67;165,00;0,00;127,50;191,07;199,38;292,81;6.734,67;6.607,17
1,00;"Lu 01 Lug 2024";22,00;25,00;6,00;"7 mesi 11 giorni 0 ore";88,00;2,27;0,00;1.398,50;65,00;4.580,81;2,00;0,00;117,50;183,23;208,22;280,17;6.163,81;6.046,31
1,00;"Ma 02 Lug 2024";22,00;25,00;12,00;"8 mesi 12 giorni 0 ore";88,00;2,14;-2,00;1.425,00;0,00;3.863,64;3,50;0,00;112,50;154,55;175,62;245,57;5.402,64;5.290,14
1,00;"Me 03 Lug 2024";21,00;25,00;15,00;"16 mesi 24 giorni 0 ore";84,00;2,38;7,00;1.356,50;520,00;3.709,97;4,50;0,00;112,50;148,40;176,67;271,93;5.710,47;5.597,97
1,00;"Gi 04 Lug 2024";24,00;25,00;6,00;"9 mesi 7 giorni 0 ore";96,00;2,50;0,00;1.711,50;590,00;4.543,58;64,00;0,00;125,00;181,74;189,32;293,09;7.034,08;6.909,08
1,00;"Ve 05 Lug 2024";24,00;25,00;12,00;"6 mesi 11 giorni 0 ore";96,00;2,42;-0,50;1.833,50;60,00;5.263,28;64,00;0,00;125,00;210,53;219,30;306,05;7.345,28;7.220,28
1,00;"Sa 06 Lug 2024";25,00;25,00;25,00;"6 mesi 4 giorni 0 ore";100,00;2,40;-12,40;1.070,50;560,00;5.957,68;128,00;0,00;135,00;238,31;238,31;313,55;7.838,78;7.703,78
1,00;"Do 07 Lug 2024";24,00;25,00;20,00;"6 mesi 18 giorni 0 ore";96,00;2,29;-16,00;2.089,00;1.032,00;5.166,15;104,00;0,00;122,50;206,65;215,26;354,07;8.497,65;8.375,15
1,00;"Lu 08 Lug 2024";23,00;25,00;13,00;"15 mesi 12 giorni 0 ore";92,00;2,52;0,00;2.019,30;330,00;5.290,57;48,00;0,00;122,50;211,62;230,02;339,58;7.810,37;7.687,87
1,00;"Ma 09 Lug 2024";23,00;25,00;47,00;"10 mesi 26 giorni 0 ore";92,00;2,48;-7,03;1.604,00;0,00;5.067,27;0,00;0,00;120,00;202,69;220,32;294,97;6.784,24;6.664,24
1,00;"Me 10 Lug 2024";23,00;24,00;28,00;"10 mesi 26 giorni 0 ore";95,83;2,35;0,00;1.295,00;340,00;5.280,83;0,00;0,00;115,00;220,03;229,60;305,69;7.030,83;6.915,83
1,00;"Gi 11 Lug 2024";24,00;24,00;28,00;"26 mesi 12 giorni 0 ore";100,00;2,25;-0,10;1.183,00;580,00;5.519,25;14,00;0,00;122,50;229,97;229,97;309,11;7.418,65;7.296,15
1,00;"Ve 12 Lug 2024";24,00;25,00;14,00;"11 mesi 16 giorni 0 ore";96,00;1,92;-10,60;1.121,50;60,00;5.039,44;40,00;0,00;115,00;201,58;209,98;265,22;6.365,34;6.250,34
1,00;"Sa 13 Lug 2024";25,00;25,00;25,00;"7 mesi 3 giorni 0 ore";100,00;2,00;-1,80;1.490,20;280,00;5.372,94;103,00;0,00;112,50;214,92;214,92;294,27;7.356,84;7.244,34
1,00;"Do 14 Lug 2024";23,00;25,00;16,00;"4 mesi 29 giorni 0 ore";92,00;2,22;0,00;1.830,00;390,00;4.085,06;180,00;0,00;115,00;163,40;177,61;286,96;6.600,06;6.485,06
1,00;"Lu 15 Lug 2024";23,00;25,00;16,00;"9 mesi 22 giorni 0 ore";92,00;2,09;-36,00;1.791,70;270,00;4.263,14;4,00;0,00;105,00;170,53;185,35;278,17;6.397,84;6.292,84
1,00;"Ma 16 Lug 2024";24,00;25,00;22,00;"5 mesi 13 giorni 0 ore";96,00;2,25;0,00;1.507,00;0,00;5.800,36;2,00;0,00;110,00;232,01;241,68;309,14;7.419,36;7.309,36
1,00;"Me 17 Lug 2024";23,00;25,00;21,00;"6 mesi 25 giorni 0 ore";92,00;2,65;-1,20;1.643,50;0,00;4.430,70;0,00;0,00;130,00;177,23;192,64;269,70;6.203,00;6.073,00
1,00;"Gi 18 Lug 2024";25,00;25,00;14,00;"7 mesi 21 giorni 0 ore";100,00;2,36;-3,30;1.729,70;230,00;5.482,70;75,00;0,00;135,00;219,31;219,31;305,96;7.649,10;7.514,10
1,00;"Ve 19 Lug 2024";25,00;25,00;15,00;"4 mesi 6 giorni 0 ore";100,00;2,40;0,00;2.375,50;100,00;6.230,18;0,00;0,00;142,50;249,21;249,21;353,93;8.848,18;8.705,68
1,00;"Sa 20 Lug 2024";25,00;25,00;23,00;"6 mesi 11 giorni 0 ore";100,00;2,52;-0,72;2.055,00;380,00;7.588,47;298,00;0,00;150,00;303,54;303,54;418,83;10.470,75;10.320,75
1,00;"Do 21 Lug 2024";25,00;25,00;16,00;"3 mesi 28 giorni 0 ore";100,00;2,48;0,00;1.224,50;575,00;5.312,09;97,00;0,00;135,00;212,48;212,48;293,74;7.343,59;7.208,59
1,00;"Lu 22 Lug 2024";25,00;25,00;40,00;"8 mesi 12 giorni 0 ore";100,00;2,60;0,00;1.551,70;580,00;6.050,86;64,00;0,00;137,50;242,03;242,03;335,36;8.384,06;8.246,56
1,00;"Ma 23 Lug 2024";25,00;25,00;21,00;"10 mesi 8 giorni 0 ore";100,00;2,56;-0,20;1.138,00;280,00;4.985,08;4,00;0,00;130,00;199,40;199,40;261,48;6.536,88;6.406,88
1,00;"Me 24 Lug 2024";25,00;25,00;23,00;"10 mesi 8 giorni 0 ore";100,00;2,52;-0,03;919,70;120,00;5.353,42;66,00;0,00;122,50;214,14;214,14;263,26;6.581,59;6.459,09
1,00;"Gi 25 Lug 2024";24,00;25,00;19,00;"5 mesi 8 giorni 0 ore";96,00;2,33;12,98;1.061,70;320,00;5.495,70;14,00;0,00;125,00;219,83;228,99;292,89;7.029,38;6.904,38
1,00;"Ve 26 Lug 2024";24,00;25,00;21,00;"23 mesi 3 giorni 0 ore";96,00;2,29;-33,70;871,00;360,00;5.865,07;68,00;0,00;122,50;234,60;244,38;302,20;7.252,87;7.130,37
1,00;"Sa 27 Lug 2024";25,00;25,00;14,00;"11 mesi 16 giorni 0 ore";100,00;2,28;0,00;789,70;280,00;6.564,64;138,00;0,00;127,50;262,59;262,59;315,99;7.899,84;7.772,34
1,00;"Do 28 Lug 2024";23,00;23,00;22,00;"7 mesi 11 giorni 0 ore";100,00;2,35;-1,00;1.360,70;430,00;3.682,25;200,00;0,00;117,44;160,10;160,10;251,71;5.789,39;5.671,95
1,00;"Lu 29 Lug 2024";23,00;25,00;27,00;"12 mesi 9 giorni 0 ore";92,00;2,17;0,00;1.969,00;150,00;4.486,31;64,00;0,00;99,94;179,45;195,06;294,32;6.769,25;6.669,31
1,00;"Ma 30 Lug 2024";24,00;25,00;11,00;"16 mesi 24 giorni 0 ore";96,00;2,29;0,00;1.858,00;290,00;5.077,59;68,00;0,00;107,44;203,10;211,57;308,38;7.401,03;7.293,59
1,00;"Me 31 Lug 2024";23,00;23,00;12,00;"14 mesi 6 giorni 0 ore";100,00;2,57;-1,06;1.586,00;250,00;4.760,36;40,00;0,00;119,94;206,97;206,97;293,71;6.755,24;6.635,30
1,00;"Gi 01 Ago 2024";25,00;25,00;25,00;"10 mesi 8 giorni 0 ore";100,00;2,44;0,00;1.189,70;160,00;5.480,36;16,00;0,00;129,94;219,21;219,21;279,04;6.976,00;6.846,06
1,00;"Ve 02 Ago 2024";25,00;25,00;18,00;"8 mesi 12 giorni 0 ore";100,00;2,28;-6,60;1.331,00;280,00;5.774,64;0,00;0,00;127,44;230,99;230,99;300,26;7.506,48;7.379,04
1,00;"Sa 03 Ago 2024";24,00;25,00;19,00;"8 mesi 1 giorni 0 ore";96,00;2,38;-4,50;1.610,00;615,00;6.512,74;128,00;0,00;137,36;260,51;271,36;374,94;8.998,60;8.861,24
1,00;"Do 04 Ago 2024";24,00;25,00;23,00;"4 mesi 29 giorni 0 ore";96,00;2,67;-18,00;849,50;260,00;5.508,89;262,00;0,00;130,00;220,36;229,54;291,35;6.992,39;6.862,39
1,00;"Lu 05 Ago 2024";25,00;25,00;16,00;"10 mesi 8 giorni 0 ore";100,00;2,64;0,00;1.770,50;420,00;6.021,82;8,00;0,00;120,00;240,87;240,87;333,61;8.340,32;8.220,32
1,00;"Ma 06 Ago 2024";25,00;25,00;12,00;"7 mesi 21 giorni 0 ore";100,00;2,60;0,00;1.040,50;560,00;5.750,67;5,00;0,00;110,00;230,03;230,03;298,65;7.466,17;7.356,17
1,00;"Me 07 Ago 2024";20,00;20,00;21,00;"36 mesi 29 giorni 0 ore";100,00;2,40;0,00;1.130,00;180,00;5.130,46;0,00;0,00;90,00;256,52;256,52;326,52;6.530,46;6.440,46
1,00;"Gi 08 Ago 2024";25,00;25,00;27,00;"8 mesi 24 giorni 0 ore";100,00;2,24;-1,60;1.469,00;240,00;4.333,57;100,00;0,00;117,50;173,34;173,34;250,34;6.258,47;6.140,97
1,00;"Ve 09 Ago 2024";24,00;24,00;16,00;"6 mesi 25 giorni 0 ore";100,00;2,29;-7,70;1.915,20;80,00;6.311,48;3,00;0,00;120,00;262,98;262,98;350,92;8.421,98;8.301,98
1,00;"Sa 10 Ago 2024";25,00;25,00;18,00;"6 mesi 4 giorni 0 ore";100,00;2,40;1,56;1.927,00;420,00;7.126,67;266,00;0,00;135,00;285,07;285,07;395,05;9.876,23;9.741,23
1,00;"Do 11 Ago 2024";22,00;25,00;13,00;"10 mesi 26 giorni 0 ore";88,00;2,64;1,00;1.257,50;440,00;4.995,24;54,00;0,00;132,50;199,81;227,06;312,74;6.880,24;6.747,74
1,00;"Lu 12 Ago 2024";25,00;25,00;18,00;"9 mesi 7 giorni 0 ore";100,00;2,40;0,00;1.664,50;150,00;5.606,61;0,00;0,00;137,50;224,26;224,26;302,34;7.558,61;7.421,11
1,00;"Ma 13 Ago 2024";25,00;25,00;11,00;"8 mesi 1 giorni 0 ore";100,00;2,60;-0,50;1.429,90;350,00;5.919,54;117,00;0,00;132,50;236,78;236,78;317,94;7.948,44;7.815,94
1,00;"Me 14 Ago 2024";25,00;25,00;26,00;"9 mesi 7 giorni 0 ore";100,00;2,48;0,00;1.494,50;400,00;5.359,75;104,00;0,00;132,50;214,39;214,39;299,63;7.490,75;7.358,25
1,00;"Gi 15 Ago 2024";25,00;25,00;13,00;"5 mesi 18 giorni 0 ore";100,00;2,52;0,00;1.949,70;470,00;5.801,42;234,00;0,00;127,50;232,06;232,06;343,30;8.582,62;8.455,12
1,00;"Ve 16 Ago 2024";25,00;25,00;32,00;"14 mesi 6 giorni 0 ore";100,00;2,60;4,80;1.676,00;330,00;6.326,82;2,00;0,00;132,50;253,07;253,07;338,88;8.472,12;8.339,62
1,00;"Sa 17 Ago 2024";25,00;25,00;23,00;"7 mesi 21 giorni 0 ore";100,00;2,60;-1,23;1.565,00;60,00;6.662,76;2,00;0,00;132,50;266,51;266,51;336,84;8.421,03;8.288,53
1,00;"Do 18 Ago 2024";25,00;25,00;17,00;"7 mesi 3 giorni 0 ore";100,00;2,44;0,00;1.338,00;260,00;5.128,26;0,00;0,00;127,50;205,13;205,13;274,15;6.853,76;6.726,26
1,00;"Lu 19 Ago 2024";25,00;25,00;16,00;"9 mesi 22 giorni 0 ore";100,00;2,40;-0,90;1.539,00;220,00;5.278,00;4,00;0,00;130,00;211,12;211,12;286,80;7.170,10;7.040,10
1,00;"Ma 20 Ago 2024";25,00;25,00;10,00;"9 mesi 7 giorni 0 ore";100,00;2,32;-7,51;2.290,50;180,00;5.553,77;11,00;0,00;125,00;222,15;222,15;326,11;8.152,76;8.027,76
1,00;"Me 21 Ago 2024";24,00;24,00;25,00;"10 mesi 8 giorni 0 ore";100,00;2,29;0,00;1.538,50;720,00;4.978,02;8,00;0,00;117,50;207,42;207,42;306,75;7.362,02;7.244,52
1,00;"Gi 22 Ago 2024";25,00;25,00;8,00;"10 mesi 26 giorni 0 ore";100,00;2,52;0,00;1.963,50;250,00;5.890,33;64,50;0,00;137,50;235,61;235,61;332,23;8.305,83;8.168,33
1,00;"Ve 23 Ago 2024";15,00;25,00;16,00;"6 mesi 11 giorni 0 ore";60,00;2,53;-2,90;872,40;440,00;4.414,18;40,00;0,00;97,50;176,57;294,28;390,75;5.861,18;5.763,68
1,00;"Sa 24 Ago 2024";25,00;25,00;17,00;"12 mesi 9 giorni 0 ore";100,00;1,88;0,00;508,00;390,00;8.844,59;62,00;0,00;122,50;353,78;353,78;397,08;9.927,09;9.804,59
1,00;"Do 25 Ago 2024";23,00;25,00;22,00;"8 mesi 24 giorni 0 ore";92,00;1,87;-44,88;983,50;390,00;7.169,75;108,30;0,00;110,00;286,79;311,73;378,99;8.716,67;8.606,67
1,00;"Lu 26 Ago 2024";25,00;25,00;22,00;"4 mesi 26 giorni 0 ore";100,00;2,32;-0,49;1.808,00;440,00;4.524,23;145,00;0,00;140,00;180,97;180,97;282,27;7.056,74;6.916,74
1,00;"Ma 27 Ago 2024";25,00;25,00;21,00;"6 mesi 25 giorni 0 ore";100,00;2,28;-18,00;1.203,40;140,00;3.808,85;60,00;0,00;130,00;152,35;152,35;212,97;5.324,25;5.194,25
1,00;"Me 28 Ago 2024";24,00;25,00;18,00;"8 mesi 24 giorni 0 ore";96,00;2,46;6,00;1.602,50;470,00;4.209,10;265,50;0,00;127,50;168,36;175,38;278,36;6.680,60;6.553,10
1,00;"Gi 29 Ago 2024";25,00;25,00;8,00;"10 mesi 26 giorni 0 ore";100,00;2,16;-0,10;1.498,20;560,00;3.320,60;89,00;0,00;112,50;132,82;132,82;223,21;5.580,20;5.467,70
1,00;"Ve 30 Ago 2024";25,00;25,00;20,00;"6 mesi 11 giorni 0 ore";100,00;3,16;0,00;1.509,00;0,00;7.743,65;4,00;0,00;195,00;309,75;309,75;378,07;9.451,65;9.256,65
1,00;"Sa 31 Ago 2024";25,00;25,00;16,00;"36 mesi 29 giorni 0 ore";100,00;3,16;60,00;3.580,50;0,00;7.810,12;10,00;0,00;195,00;312,40;312,40;466,22;11.655,62;11.460,62
1,00;"Do 01 Set 2024";23,00;25,00;21,00;"4 mesi 6 giorni 0 ore";92,00;2,13;0,00;1.441,50;470,00;3.046,54;0,00;0,00;115,00;121,86;132,46;220,57;5.073,04;4.958,04
1,00;"Lu 02 Set 2024";25,00;25,00;26,00;"9 mesi 7 giorni 0 ore";100,00;2,12;-0,04;1.510,20;150,00;4.322,10;184,00;0,00;122,50;172,88;172,88;251,55;6.288,76;6.166,26
1,00;"Ma 03 Set 2024";21,00;25,00;21,00;"16 mesi 24 giorni 0 ore";84,00;2,14;-0,50;966,50;120,00;3.452,59;40,00;0,00;110,00;138,10;164,41;223,27;4.688,59;4.578,59
1,00;"Me 04 Set 2024";25,00;25,00;16,00;"6 mesi 18 giorni 0 ore";100,00;2,04;-0,90;779,50;460,00;4.252,66;60,00;0,00;122,50;170,11;170,11;226,95;5.673,76;5.551,26
1,00;"Gi 05 Set 2024";25,00;25,00;19,00;"10 mesi 8 giorni 0 ore";100,00;2,00;0,00;1.195,00;170,00;4.450,94;3,50;0,00;122,50;178,04;178,04;237,68;5.941,94;5.819,44
1,00;"Ve 06 Set 2024";25,00;25,00;17,00;"3 mesi 10 giorni 0 ore";100,00;2,08;2,00;1.015,00;150,00;5.381,21;61,50;0,00;132,50;215,25;215,25;269,69;6.742,21;6.609,71
1,00;"Sa 07 Set 2024";25,00;25,00;5,00;"7 mesi 11 giorni 0 ore";100,00;2,20;0,00;1.652,50;230,00;5.690,22;218,00;0,00;125,00;227,61;227,61;316,63;7.915,72;7.790,72
1,00;"Do 08 Set 2024";25,00;25,00;26,00;"9 mesi 7 giorni 0 ore";100,00;2,16;-1,64;1.597,50;850,00;4.145,71;32,00;0,00;130,00;165,83;165,83;270,14;6.753,57;6.623,57
1,00;"Lu 09 Set 2024";24,00;25,00;8,00;"10 mesi 8 giorni 0 ore";96,00;2,00;0,00;1.999,00;490,00;5.079,85;2,00;0,00;112,50;203,19;211,66;320,14;7.683,35;7.570,85
1,00;"Ma 10 Set 2024";25,00;25,00;115,00;"18 mesi 14 giorni 0 ore";100,00;2,00;0,00;1.007,00;260,00;5.016,14;8,00;0,00;117,50;200,65;200,65;256,35;6.408,64;6.291,14
1,00;"Me 11 Set 2024";25,00;25,00;24,00;"10 mesi 26 giorni 0 ore";100,00;1,92;0,00;999,50;60,00;5.073,72;68,00;0,00;115,00;202,95;202,95;252,65;6.316,22;6.201,22
1,00;"Gi 12 Set 2024";25,00;25,00;26,00;"5 mesi 8 giorni 0 ore";100,00;2,00;0,00;1.071,00;440,00;5.411,48;0,00;0,00;120,00;216,46;216,46;281,70;7.042,48;6.922,48
1,00;"Ve 13 Set 2024";25,00;25,00;26,00;"9 mesi 7 giorni 0 ore";100,00;2,12;0,00;2.005,00;90,00;6.052,86;2,00;0,00;127,50;242,11;242,11;331,09;8.277,36;8.149,86
1,00;"Sa 14 Set 2024";25,00;25,00;18,00;"5 mesi 23 giorni 0 ore";100,00;2,08;-100,00;686,50;540,00;6.270,45;6,00;0,00;125,00;250,82;250,82;301,12;7.527,95;7.402,95
1,00;"Do 15 Set 2024";25,00;25,00;36,00;"6 mesi 18 giorni 0 ore";100,00;2,04;-1,50;1.343,50;500,00;4.580,38;4,00;0,00;122,50;183,22;183,22;261,96;6.548,88;6.426,38
1,00;"Lu 16 Set 2024";24,00;24,00;29,00;"7 mesi 21 giorni 0 ore";100,00;2,08;0,00;2.059,50;480,00;5.160,08;4,00;0,00;125,00;215,00;215,00;326,19;7.828,58;7.703,58
1,00;"Ma 17 Set 2024";25,00;25,00;29,00;"9 mesi 7 giorni 0 ore";100,00;2,08;-0,20;1.836,20;440,00;5.144,66;4,00;0,00;120,00;205,79;205,79;301,79;7.544,66;7.424,66
1,00;"Me 18 Set 2024";25,00;25,00;17,00;"11 mesi 16 giorni 0 ore";100,00;2,20;0,00;1.895,00;535,00;5.444,41;0,00;0,00;130,00;217,78;217,78;320,18;8.004,41;7.874,41
1,00;"Gi 19 Set 2024";25,00;25,00;20,00;"8 mesi 12 giorni 0 ore";100,00;2,08;0,00;1.566,50;100,00;4.859,84;5,00;0,00;125,00;194,39;194,39;266,25;6.656,34;6.531,34
1,00;"Ve 20 Set 2024";25,00;25,00;20,00;"7 mesi 11 giorni 0 ore";100,00;2,16;0,00;1.497,50;720,00;5.538,48;14,50;0,00;130,00;221,54;221,54;316,02;7.900,48;7.770,48
1,00;"Sa 21 Set 2024";25,00;25,00;15,00;"8 mesi 12 giorni 0 ore";100,00;2,12;10,00;1.523,50;420,00;6.338,00;42,00;0,00;130,00;253,52;253,52;338,54;8.463,50;8.333,50
1,00;"Do 22 Set 2024";24,00;25,00;51,00;"12 mesi 9 giorni 0 ore";96,00;2,04;-80,00;1.222,50;180,00;5.150,83;50,00;0,00;120,00;206,03;214,62;276,81;6.643,33;6.523,33
1,00;"Lu 23 Set 2024";25,00;25,00;22,00;"11 mesi 16 giorni 0 ore";100,00;2,08;0,00;1.427,00;455,00;5.063,63;5,00;0,00;115,00;202,55;202,55;282,63;7.065,63;6.950,63
1,00;"Ma 24 Set 2024";25,00;25,00;21,00;"8 mesi 12 giorni 0 ore";100,00;1,96;-0,72;1.185,50;220,00;4.366,33;8,00;0,00;107,50;174,65;174,65;235,46;5.886,61;5.779,11
1,00;"Me 25 Set 2024";24,00;25,00;18,00;"9 mesi 7 giorni 0 ore";96,00;2,08;-0,20;1.209,00;360,00;5.095,55;13,00;0,00;105,00;203,82;212,31;282,60;6.782,35;6.677,35
1,00;"Gi 26 Set 2024";25,00;25,00;13,00;"5 mesi 18 giorni 0 ore";100,00;2,12;0,00;962,00;0,00;5.123,34;20,00;0,00;120,00;204,93;204,93;249,01;6.225,34;6.105,34
1,00;"Ve 27 Set 2024";24,00;25,00;15,00;"16 mesi 24 giorni 0 ore";96,00;2,13;0,00;851,00;240,00;5.038,56;0,00;0,00;115,00;201,54;209,94;260,19;6.244,56;6.129,56
1,00;"Sa 28 Set 2024";24,00;25,00;18,00;"5 mesi 4 giorni 0 ore";96,00;2,08;0,00;586,00;60,00;5.517,00;27,00;0,00;115,00;220,68;229,88;262,71;6.305,00;6.190,00
1,00;"Do 29 Set 2024";24,00;25,00;29,00;"6 mesi 11 giorni 0 ore";96,00;1,96;-1,94;1.388,50;260,00;3.472,47;4,00;0,00;110,00;138,90;144,69;218,04;5.233,03;5.123,03
1,00;"Lu 30 Set 2024";25,00;25,00;32,00;"9 mesi 7 giorni 0 ore";100,00;1,92;0,00;1.589,50;250,00;4.284,64;3,50;0,00;105,00;171,39;171,39;249,31;6.232,64;6.127,64
1,00;"Ma 01 Ott 2024";25,00;25,00;28,00;"6 mesi 25 giorni 0 ore";100,00;2,08;-34,00;1.455,50;290,00;4.442,69;5,00;0,00;117,50;177,71;177,71;251,07;6.276,69;6.159,19
1,00;"Me 02 Ott 2024";25,00;25,00;25,00;"10 mesi 26 giorni 0 ore";100,00;2,20;0,00;1.452,00;490,00;4.220,71;11,00;0,00;127,50;168,83;168,83;252,05;6.301,21;6.173,71
1,00;"Gi 03 Ott 2024";24,00;25,00;18,00;"8 mesi 12 giorni 0 ore";96,00;2,25;-0,34;1.348,00;220,00;3.413,70;9,00;0,00;130,00;136,55;142,24;213,35;5.120,36;4.990,36
1,00;"Ve 04 Ott 2024";25,00;25,00;21,00;"6 mesi 25 giorni 0 ore";100,00;2,00;-0,42;2.565,50;650,00;5.776,81;0,00;0,00;120,00;231,07;231,07;364,48;9.111,89;8.991,89
1,00;"Sa 05 Ott 2024";25,00;25,00;11,00;"11 mesi 16 giorni 0 ore";100,00;2,00;171,00;1.112,28;0,00;6.085,70;9,00;0,00;115,00;243,43;243,43;299,72;7.492,98;7.377,98
1,00;"Do 06 Ott 2024";25,00;25,00;36,00;"6 mesi 18 giorni 0 ore";100,00;1,92;0,00;2.349,78;260,00;7.154,75;42,00;0,00;120,00;286,19;286,19;397,06;9.926,53;9.806,53
1,00;"Lu 07 Ott 2024";24,00;25,00;50,00;"6 mesi 25 giorni 0 ore";96,00;1,96;0,00;401,00;390,00;3.789,85;2,00;0,00;115,00;151,59;157,91;195,74;4.697,85;4.582,85
1,00;"Ma 08 Ott 2024";25,00;25,00;29,00;"13 mesi 6 giorni 0 ore";100,00;2,04;-20,00;1.280,20;540,00;4.999,95;0,00;0,00;120,00;200,00;200,00;276,81;6.920,15;6.800,15
1,00;"Me 09 Ott 2024";25,00;25,00;23,00;"7 mesi 3 giorni 0 ore";100,00;1,88;0,00;2.434,50;420,00;6.611,35;24,00;0,00;117,50;264,45;264,45;384,29;9.607,35;9.489,85
1,00;"Gi 10 Ott 2024";25,00;25,00;26,00;"15 mesi 12 giorni 0 ore";100,00;1,92;0,00;1.107,00;130,00;7.016,16;13,00;0,00;117,50;280,65;280,65;335,35;8.383,66;8.266,16
1,00;"Ve 11 Ott 2024";24,00;24,00;16,00;"14 mesi 6 giorni 0 ore";100,00;1,96;-2,00;1.976,50;80,00;9.888,12;2,00;0,00;115,00;412,00;412,00;502,48;12.059,62;11.944,62
1,00;"Sa 12 Ott 2024";24,00;25,00;38,00;"8 mesi 24 giorni 0 ore";96,00;2,04;0,00;2.393,50;320,00;7.738,26;78,50;0,00;120,00;309,53;322,43;443,76;10.650,26;10.530,26
1,00;"Do 13 Ott 2024";25,00;25,00;32,00;"7 mesi 21 giorni 0 ore";100,00;1,92;0,00;909,50;150,00;6.475,32;0,00;0,00;120,00;259,01;259,01;306,19;7.654,82;7.534,82
1,00;"Lu 14 Ott 2024";25,00;25,00;31,00;"15 mesi 12 giorni 0 ore";100,00;1,96;0,00;1.660,00;270,00;6.723,51;0,00;0,00;122,50;268,94;268,94;351,04;8.776,01;8.653,51
1,00;"Ma 15 Ott 2024";24,00;24,00;37,00;"8 mesi 24 giorni 0 ore";100,00;1,92;0,00;476,50;300,00;1.959,14;20,00;0,00;115,00;81,63;81,63;119,61;2.870,64;2.755,64
1,00;"Me 16 Ott 2024";25,00;25,00;23,00;"4 mesi 9 giorni 0 ore";100,00;1,92;0,00;2.655,00;0,00;5.928,41;-18,00;0,00;120,00;237,14;237,14;347,42;8.685,41;8.565,41
1,00;"Gi 17 Ott 2024";25,00;25,00;23,00;"46 mesi 7 giorni 0 ore";100,00;1,84;-0,04;501,00;90,00;5.858,45;0,00;0,00;112,50;234,34;234,34;262,48;6.561,91;6.449,41
1,00;"Ve 18 Ott 2024";24,00;25,00;31,00;"61 mesi 19 giorni 0 ore";96,00;1,83;0,00;2.140,50;0,00;12.688,14;2,00;0,00;110,00;507,53;528,67;622,53;14.940,64;14.830,64
1,00;"Sa 19 Ott 2024";24,00;25,00;30,00;"3 mesi 18 giorni 0 ore";96,00;2,21;-3,50;2.325,00;640,00;6.383,29;0,00;0,00;127,50;255,33;265,97;394,68;9.472,29;9.344,79
1,00;"Do 20 Ott 2024";23,00;25,00;45,00;"14 mesi 6 giorni 0 ore";92,00;2,17;0,00;902,20;670,00;5.867,64;7,00;0,00;120,00;234,71;255,11;328,99;7.566,84;7.446,84
1,00;"Lu 21 Ott 2024";25,00;25,00;34,00;"16 mesi 24 giorni 0 ore";100,00;2,08;6,40;2.208,00;0,00;6.262,15;15,00;0,00;125,00;250,49;250,49;344,66;8.616,55;8.491,55
1,00;"Ma 22 Ott 2024";25,00;25,00;30,00;"4 mesi 29 giorni 0 ore";100,00;2,04;0,00;420,50;0,00;2.305,44;0,00;0,00;117,50;92,22;92,22;113,74;2.843,44;2.725,94
1,00;"Me 23 Ott 2024";25,00;25,00;28,00;"8 mesi 1 giorni 0 ore";100,00;2,12;18,50;1.576,50;160,00;2.286,44;1,50;0,00;122,50;91,46;91,46;166,62;4.165,44;4.042,94
1,00;"Gi 24 Ott 2024";25,00;25,00;25,00;"9 mesi 7 giorni 0 ore";100,00;2,12;3,00;741,50;150,00;2.475,22;5,50;0,00;125,00;99,01;99,01;140,01;3.500,22;3.375,22
1,00;"Ve 25 Ott 2024";24,00;25,00;29,00;"6 mesi 4 giorni 0 ore";96,00;2,04;0,80;941,90;440,00;3.122,60;7,00;0,00;115,00;124,90;130,11;192,80;4.627,30;4.512,30
1,00;"Sa 26 Ott 2024";24,00;25,00;28,00;"5 mesi 13 giorni 0 ore";96,00;2,21;0,00;1.020,00;540,00;3.620,91;35,00;0,00;117,50;144,84;150,87;222,23;5.333,41;5.215,91
1,00;"Do 27 Ott 2024";24,00;25,00;42,00;"4 mesi 9 giorni 0 ore";96,00;2,21;-0,20;1.183,20;780,00;2.858,52;7,00;0,00;115,00;114,34;119,11;205,98;4.943,52;4.828,52
1,00;"Lu 28 Ott 2024";24,00;25,00;35,00;"7 mesi 21 giorni 0 ore";96,00;2,38;-0,10;801,50;150,00;2.920,70;10,00;0,00;122,50;116,83;121,70;166,86;4.004,60;3.882,10
1,00;"Ma 29 Ott 2024";25,00;25,00;68,00;"6 mesi 18 giorni 0 ore";100,00;2,24;0,00;447,50;190,00;2.578,53;160,00;0,00;125,00;103,14;103,14;140,04;3.501,03;3.376,03
1,00;"Me 30 Ott 2024";24,00;25,00;33,00;"5 mesi 18 giorni 0 ore";96,00;2,46;-65,00;716,50;280,00;2.317,29;105,00;0,00;122,50;92,69;96,55;144,85;3.476,29;3.353,79
1,00;"Gi 31 Ott 2024";25,00;25,00;29,00;"5 mesi 4 giorni 0 ore";100,00;2,16;0,00;429,32;120,00;2.553,00;6,00;0,00;130,00;102,12;102,12;129,53;3.238,32;3.108,32
1,00;"Ve 01 Nov 2024";24,00;25,00;30,00;"4 mesi 0 giorni 0 ore";96,00;2,21;0,00;789,00;340,00;3.542,29;6,00;0,00;125,00;141,69;147,60;200,10;4.802,29;4.677,29
1,00;"Sa 02 Nov 2024";25,00;25,00;38,00;"5 mesi 29 giorni 0 ore";100,00;2,28;0,00;945,00;860,00;3.725,44;2,00;0,00;135,00;149,02;149,02;226,70;5.667,44;5.532,44
1,00;"Do 03 Nov 2024";23,00;23,00;40,00;"6 mesi 11 giorni 0 ore";100,00;2,04;0,00;1.025,00;460,00;1.502,64;62,00;0,00;115,00;65,33;65,33;137,59;3.164,64;3.049,64
1,00;"Lu 04 Nov 2024";24,00;25,00;31,00;"6 mesi 4 giorni 0 ore";96,00;2,00;0,00;794,00;215,00;1.530,86;8,00;0,00;107,50;61,23;63,79;110,64;2.655,36;2.547,86
1,00;"Ma 05 Nov 2024";24,00;25,00;25,00;"10 mesi 26 giorni 0 ore";96,00;1,92;-0,01;570,50;240,00;1.628,13;27,00;0,00;110,00;65,13;67,84;107,32;2.575,62;2.465,62
1,00;"Me 06 Nov 2024";23,00;25,00;39,00;"7 mesi 3 giorni 0 ore";92,00;1,61;-37,70;473,00;290,00;1.644,37;19,00;0,00;90,00;65,77;71,49;107,77;2.478,67;2.388,67
1,00;"Gi 07 Nov 2024";22,00;25,00;30,00;"8 mesi 1 giorni 0 ore";88,00;1,77;0,00;327,00;120,00;1.559,35;0,00;0,00;97,50;62,37;70,88;95,63;2.103,85;2.006,35
1,00;"Ve 08 Nov 2024";22,00;25,00;44,00;"5 mesi 13 giorni 0 ore";88,00;1,77;-3,00;314,50;500,00;1.949,74;0,00;0,00;95,00;77,99;88,62;129,83;2.856,24;2.761,24
1,00;"Sa 09 Nov 2024";24,00;25,00;27,00;"6 mesi 11 giorni 0 ore";96,00;1,88;0,00;331,50;360,00;2.729,73;7,00;0,00;107,50;109,19;113,74;147,32;3.535,73;3.428,23
1,00;"Do 10 Nov 2024";23,00;25,00;38,00;"7 mesi 3 giorni 0 ore";92,00;2,00;0,00;399,50;260,00;1.847,83;30,00;0,00;102,50;73,91;80,34;114,78;2.639,83;2.537,33
1,00;"Lu 11 Nov 2024";24,00;24,00;43,00;"8 mesi 12 giorni 0 ore";100,00;1,63;-0,04;397,00;210,00;1.565,45;50,00;0,00;95,00;65,23;65,23;96,56;2.317,41;2.222,41
1,00;"Ma 12 Nov 2024";24,00;24,00;34,00;"7 mesi 3 giorni 0 ore";100,00;1,75;0,00;325,00;60,00;1.582,90;22,00;0,00;97,50;65,95;65,95;86,97;2.087,40;1.989,90
1,00;"Me 13 Nov 2024";25,00;25,00;24,00;"10 mesi 8 giorni 0 ore";100,00;1,80;0,00;366,00;0,00;1.721,54;50,00;0,00;102,50;68,86;68,86;89,60;2.240,04;2.137,54
1,00;"Gi 14 Nov 2024";25,00;25,00;34,00;"7 mesi 3 giorni 0 ore";100,00;1,60;0,00;365,60;30,00;1.966,21;72,37;0,00;95,00;78,65;78,65;101,17;2.529,18;2.434,18
1,00;"Ve 15 Nov 2024";23,00;25,00;21,00;"5 mesi 29 giorni 0 ore";92,00;2,09;0,00;311,00;434,00;1.898,50;7,00;0,00;110,00;75,94;82,54;120,02;2.760,50;2.650,50
1,00;"Sa 16 Nov 2024";24,00;25,00;18,00;"6 mesi 18 giorni 0 ore";96,00;2,17;0,00;379,00;600,00;2.707,42;15,63;0,00;117,50;108,30;112,81;159,15;3.819,55;3.702,05
1,00;"Do 17 Nov 2024";20,00;20,00;47,00;"5 mesi 23 giorni 0 ore";100,00;1,95;0,00;444,00;310,00;1.235,55;4,00;0,00;90,00;61,78;61,78;104,18;2.083,55;1.993,55
1,00;"Lu 18 Nov 2024";23,00;23,00;28,00;"8 mesi 24 giorni 0 ore";100,00;1,87;0,00;346,00;355,00;1.310,43;50,00;0,00;100,00;56,98;56,98;93,98;2.161,43;2.061,43
1,00;"Ma 19 Nov 2024";25,00;25,00;26,00;"7 mesi 21 giorni 0 ore";100,00;1,72;0,00;376,00;210,00;1.578,34;32,00;-90,00;97,50;63,13;63,13;88,15;2.203,84;2.106,34
1,00;"Me 20 Nov 2024";25,00;25,00;31,00;"9 mesi 7 giorni 0 ore";100,00;1,84;0,00;348,50;0,00;1.639,76;15,00;0,00;107,50;65,59;65,59;84,43;2.110,76;2.003,26
1,00;"Gi 21 Nov 2024";22,00;22,00;27,00;"6 mesi 25 giorni 0 ore";100,00;1,68;0,00;379,50;280,00;1.243,72;15,00;0,00;92,50;56,53;56,53;91,40;2.010,72;1.918,22
1,00;"Ve 22 Nov 2024";23,00;23,00;43,00;"7 mesi 3 giorni 0 ore";100,00;2,09;0,00;291,00;190,00;1.989,38;15,00;0,00;117,50;86,49;86,49;113,17;2.602,88;2.485,38
1,00;"Sa 23 Nov 2024";23,00;25,00;28,00;"6 mesi 4 giorni 0 ore";92,00;2,43;-0,03;380,50;1.530,00;3.229,85;29,00;0,00;130,00;129,19;140,43;230,41;5.299,32;5.169,32
1,00;"Do 24 Nov 2024";25,00;25,00;21,00;"6 mesi 18 giorni 0 ore";100,00;2,20;0,00;450,00;470,00;1.899,67;28,00;0,00;137,50;75,99;75,99;119,41;2.985,17;2.847,67
1,00;"Lu 25 Nov 2024";25,00;25,00;23,00;"7 mesi 3 giorni 0 ore";100,00;2,08;-0,08;456,50;130,00;1.620,46;0,00;0,00;127,50;64,82;64,82;93,38;2.334,38;2.206,88
1,00;"Ma 26 Nov 2024";25,00;25,00;33,00;"14 mesi 6 giorni 0 ore";100,00;1,96;0,00;414,50;400,00;1.755,96;7,00;0,00;117,50;70,24;70,24;107,80;2.694,96;2.577,46
1,00;"Me 27 Nov 2024";25,00;25,00;23,00;"6 mesi 11 giorni 0 ore";100,00;1,88;0,00;420,50;180,00;1.652,20;21,00;0,00;112,50;66,09;66,09;95,45;2.386,20;2.273,70
1,00;"Gi 28 Nov 2024";25,00;25,00;22,00;"8 mesi 12 giorni 0 ore";100,00;1,92;0,00;395,50;160,00;1.758,10;81,00;0,00;115,00;70,32;70,32;100,38;2.509,60;2.394,60
1,00;"Ve 29 Nov 2024";23,00;25,00;35,00;"5 mesi 29 giorni 0 ore";92,00;2,13;0,00;403,50;630,00;2.398,13;8,00;0,00;110,00;95,93;104,27;154,33;3.549,63;3.439,63
1,00;"Sa 30 Nov 2024";24,00;25,00;24,00;"7 mesi 21 giorni 0 ore";96,00;2,13;0,00;470,00;460,00;3.322,01;4,00;0,00;120,00;132,88;138,42;182,33;4.376,01;4.256,01
1,00;"Do 01 Dic 2024";16,00;25,00;10,00;"6 mesi 18 giorni 0 ore";64,00;2,00;-10,00;456,50;430,00;1.051,39;15,00;0,00;72,50;42,06;65,71;125,96;2.015,39;1.942,89
1,00;"Lu 02 Dic 2024";25,00;25,00;35,00;"8 mesi 1 giorni 0 ore";100,00;1,72;0,00;241,50;90,00;1.638,66;13,00;0,00;105,00;65,55;65,55;83,53;2.088,16;1.983,16
1,00;"Ma 03 Dic 2024";22,00;25,00;16,00;"9 mesi 22 giorni 0 ore";88,00;1,68;0,00;337,50;130,00;1.380,93;24,00;0,00;92,50;55,24;62,77;89,32;1.964,93;1.872,43
1,00;"Me 04 Dic 2024";25,00;25,00;39,00;"7 mesi 3 giorni 0 ore";100,00;1,64;-0,10;280,50;160,00;1.815,45;0,00;0,00;97,50;72,62;72,62;94,13;2.353,35;2.255,85
1,00;"Gi 05 Dic 2024";25,00;25,00;24,00;"6 mesi 25 giorni 0 ore";100,00;1,88;-0,37;327,00;410,00;1.862,47;9,00;0,00;107,50;74,50;74,50;108,62;2.715,60;2.608,10
1,00;"Ve 06 Dic 2024";24,00;25,00;24,00;"6 mesi 18 giorni 0 ore";96,00;2,13;-1,30;378,00;430,00;2.174,94;4,00;0,00;120,00;87,00;90,62;129,40;3.105,64;2.985,64
1,00;"Sa 07 Dic 2024";24,00;25,00;21,00;"7 mesi 3 giorni 0 ore";96,00;2,17;-0,04;410,00;620,00;3.161,33;10,00;0,00;122,50;126,45;131,72;180,16;4.323,79;4.201,29
1,00;"Do 08 Dic 2024";22,00;25,00;13,00;"6 mesi 11 giorni 0 ore";88,00;1,82;-0,73;395,00;380,00;1.570,70;8,00;0,00;92,50;62,83;71,40;111,16;2.445,47;2.352,97
1,00;"Lu 09 Dic 2024";20,00;25,00;20,00;"9 mesi 7 giorni 0 ore";80,00;1,80;-0,03;326,50;160,00;1.321,87;7,00;0,00;82,50;52,87;66,09;94,89;1.897,84;1.815,34
1,00;"Ma 10 Dic 2024";19,00;25,00;30,00;"20 mesi 16 giorni 0 ore";76,00;1,89;0,00;318,65;210,00;1.156,44;24,00;0,00;77,50;46,26;60,87;94,03;1.786,59;1.709,09
1,00;"Me 11 Dic 2024";20,00;25,00;34,00;"11 mesi 16 giorni 0 ore";80,00;1,75;0,00;321,05;300,00;1.378,58;49,99;0,00;82,50;55,14;68,93;106,61;2.132,12;2.049,62
1,00;"Gi 12 Dic 2024";19,00;25,00;20,00;"8 mesi 24 giorni 0 ore";76,00;1,74;-0,10;306,06;340,00;1.149,65;7,00;0,00;80,00;45,99;60,51;99,08;1.882,61;1.802,61
1,00;"Ve 13 Dic 2024";21,00;25,00;15,00;"5 mesi 23 giorni 0 ore";84,00;2,05;-20,00;284,50;730,00;1.580,38;0,00;0,00;100,00;63,22;75,26;127,38;2.674,88;2.574,88
1,00;"Sa 14 Dic 2024";23,00;25,00;34,00;"5 mesi 13 giorni 0 ore";92,00;2,17;0,00;350,00;910,00;3.171,59;9,50;0,00;115,00;126,86;137,90;198,09;4.556,09;4.441,09
1,00;"Do 15 Dic 2024";16,00;25,00;25,00;"6 mesi 4 giorni 0 ore";64,00;2,06;-33,80;403,00;310,00;946,39;0,00;0,00;75,00;37,86;59,15;106,29;1.700,59;1.625,59
1,00;"Lu 16 Dic 2024";20,00;25,00;42,00;"8 mesi 1 giorni 0 ore";80,00;1,90;0,00;280,00;60,00;1.282,73;4,00;0,00;90,00;51,31;64,14;85,84;1.716,73;1.626,73
1,00;"Ma 17 Dic 2024";13,00;25,00;31,00;"20 mesi 16 giorni 0 ore";52,00;1,77;0,00;306,00;0,00;832,14;20,00;0,00;57,50;33,29;64,01;93,51;1.215,64;1.158,14
1,00;"Me 18 Dic 2024";25,00;25,00;10,00;"9 mesi 7 giorni 0 ore";100,00;1,60;0,00;178,50;0,00;2.212,85;159,00;0,00;97,50;88,51;88,51;105,91;2.647,85;2.550,35
1,00;"Gi 19 Dic 2024";20,00;25,00;30,00;"6 mesi 18 giorni 0 ore";80,00;1,80;-28,00;337,00;440,00;1.367,07;154,00;-2,00;77,50;54,68;68,35;117,28;2.345,57;2.268,07
1,00;"Ve 20 Dic 2024";21,00;25,00;14,00;"7 mesi 3 giorni 0 ore";84,00;1,95;0,00;284,00;380,00;1.977,08;0,00;0,00;97,50;79,08;94,15;130,41;2.738,58;2.641,08
1,00;"Sa 21 Dic 2024";25,00;25,00;16,00;"8 mesi 12 giorni 0 ore";100,00;2,00;-0,60;333,00;640,00;3.371,66;9,00;0,00;110,00;134,87;134,87;178,52;4.463,06;4.353,06
1,00;"Do 22 Dic 2024";24,00;25,00;37,00;"8 mesi 1 giorni 0 ore";96,00;1,96;-0,70;388,00;930,00;1.957,11;0,00;0,00;102,50;78,28;81,55;140,70;3.376,91;3.274,41
1,00;"Lu 23 Dic 2024";24,00;25,00;37,00;"6 mesi 18 giorni 0 ore";96,00;2,13;-0,19;397,00;310,00;1.659,66;18,00;0,00;115,00;66,39;69,15;104,14;2.499,47;2.384,47
1,00;"Ma 24 Dic 2024";23,00;25,00;20,00;"7 mesi 3 giorni 0 ore";92,00;2,35;-29,44;422,49;180,00;2.783,41;7,00;0,00;112,50;111,34;121,02;151,13;3.475,96;3.363,46
1,00;"Me 25 Dic 2024";25,00;25,00;32,00;"8 mesi 12 giorni 0 ore";100,00;2,36;0,00;500,49;410,00;3.840,56;0,00;0,00;125,00;153,62;153,62;195,04;4.876,05;4.751,05
1,00;"Gi 26 Dic 2024";25,00;25,00;34,00;"6 mesi 4 giorni 0 ore";100,00;2,52;-72,30;475,00;800,00;3.390,16;10,00;0,00;130,00;135,61;135,61;189,31;4.732,86;4.602,86
1,00;"Ve 27 Dic 2024";25,00;25,00;20,00;"6 mesi 11 giorni 0 ore";100,00;2,40;-10,00;522,00;475,00;4.420,42;41,00;0,00;132,50;176,82;176,82;223,24;5.580,92;5.448,42
1,00;"Sa 28 Dic 2024";25,00;25,00;38,00;"8 mesi 12 giorni 0 ore";100,00;2,36;-0,03;509,00;670,00;4.709,39;68,00;0,00;130,00;188,38;188,38;243,45;6.086,36;5.956,36
1,00;"Do 29 Dic 2024";25,00;25,00;20,00;"8 mesi 24 giorni 0 ore";100,00;2,28;0,00;452,50;500,00;3.684,39;52,00;0,00;117,50;147,38;147,38;192,26;4.806,39;4.688,89
1,00;"Lu 30 Dic 2024";25,00;25,00;25,00;"8 mesi 12 giorni 0 ore";100,00;2,48;0,00;452,50;440,00;4.478,73;45,00;0,00;130,00;179,15;179,15;221,85;5.546,23;5.416,23
1,00;"Ma 31 Dic 2024";25,00;25,00;10,00;"2 mesi 22 giorni 0 ore";100,00;2,32;-1,48;734,00;660,00;6.530,29;0,00;0,00;130,00;261,21;261,21;322,11;8.052,81;7.922,81
;Totale;8692,00;9101,00;9141,00;"2 mesi 2 giorni 0 ore";95,51;2,13;8.594,58;414.101,71;119.929,00;1.359.389,31;10.250,56;-189,00;42.596,50;149,37;156,40;224,88;1.954.672,66;1.912.076,16
